<?xml version="1.0" encoding="UTF-8"?>
<assembly>
    <id>job</id>
    <includeBaseDirectory>false</includeBaseDirectory>
    <fileSets>
        <fileSet>
            <directory>target</directory>
            <outputDirectory>GBO-TASK-${pom.parent.version}</outputDirectory>
            <includes>
                <include>*.jar</include>
            </includes>
        </fileSet>
        <fileSet>
            <directory>target/classes/client</directory>
            <outputDirectory></outputDirectory>
            <includes>
                <include>*.bat</include>
            </includes>
        </fileSet>
    </fileSets>
    <dependencySets>
        <dependencySet>
            <outputDirectory>GBO-TASK-${pom.parent.version}</outputDirectory>
            <unpack>false</unpack>
            <scope>runtime</scope>
        </dependencySet>
    </dependencySets>
</assembly>
