<?xml version="1.0" encoding="UTF-8" ?>
<!DOCTYPE log4j:configuration SYSTEM "log4j.dtd">

<log4j:configuration xmlns:log4j="http://jakarta.apache.org/log4j/">

	<appender name="FILE" class="org.apache.log4j.RollingFileAppender">
        <param name="File" value="logs/tasks.log" />
        <param name="MaxFileSize" value="100000KB" />
        <param name="MaxBackupIndex" value="10" />
        <layout class="org.apache.log4j.PatternLayout">
            <param name="ConversionPattern" value="%-5p %d{dd/MM/yyyy HH:mm:ss,SSS} (%c{10}): %m%n" />
        </layout>
    </appender>

	<logger name="br.com.callink">
		<level value="DEBUG" />
		<appender-ref ref="FILE" /> 
	</logger>
	
	<logger name="br.com.callink.gbo.util">
        <level value="ERROR" />
        <appender-ref ref="FILE" /> 
    </logger>


</log4j:configuration>